{"codebraid_version": "0.11.0", "cache": {"c4ff2d6ce9178e8be1bfabcb01ac0177570428617a940e8629004a9378e675f68aa520e9c9b1f45d7839c9c7f5d18cd5e9600559da00fbba762c17051238422f_6793": {"session_status_prevent_exec": false, "session_errors": [], "session_warnings": [], "session_files": [], "code_chunks": {"0": {"stdout_lines": [], "stderr_lines": [], "repl_lines": [], "expr_lines": []}, "1": {"stdout_lines": [], "stderr_lines": [], "repl_lines": [], "expr_lines": [], "rich_output": [{"files": {}, "data": {"text/plain": "V2(x=3, y=2)"}}]}, "2": {"stdout_lines": [], "stderr_lines": [], "repl_lines": [], "expr_lines": [], "rich_output": [{"files": {}, "data": {"text/plain": "V2(x=1, y=-5)"}}]}, "3": {"stdout_lines": [], "stderr_lines": [], "repl_lines": [], "expr_lines": [], "rich_output": [{"files": {}, "data": {"text/plain": "V2(x=4, y=-3)"}}]}, "4": {"stdout_lines": [], "stderr_lines": [], "repl_lines": [], "expr_lines": [], "rich_output": [{"files": {}, "data": {"text/plain": "V2(x=-1, y=-1)"}}]}, "5": {"stdout_lines": [], "stderr_lines": [], "repl_lines": [], "expr_lines": [], "rich_output": [{"files": {}, "data": {"text/plain": "11"}}]}, "6": {"stdout_lines": [], "stderr_lines": [], "repl_lines": [], "expr_lines": [], "rich_output": [{"files": {}, "data": {"text/plain": "-7"}}]}, "7": {"stdout_lines": [], "stderr_lines": [], "repl_lines": [], "expr_lines": [], "rich_output": [{"files": {}, "data": {"text/plain": "V2(x=0, y=-1)"}}]}, "8": {"stdout_lines": [], "stderr_lines": [], "repl_lines": [], "expr_lines": [], "rich_output": [{"files": {}, "data": {"text/plain": "V2(x=-1, y=0)"}}]}, "9": {"stdout_lines": [], "stderr_lines": [], "repl_lines": [], "expr_lines": [], "rich_output": [{"files": {}, "data": {"text/plain": "V2(x=0, y=1)"}}]}, "10": {"stdout_lines": [], "stderr_lines": [], "repl_lines": [], "expr_lines": [], "rich_output": [{"files": {}, "data": {"text/plain": "V2(x=1, y=0)"}}]}, "11": {"stdout_lines": [], "stderr_lines": [], "repl_lines": [], "expr_lines": [], "rich_output": [{"files": {}, "data": {"text/plain": "V2(x=0, y=0)"}}]}, "12": {"stdout_lines": [], "stderr_lines": [], "repl_lines": [], "expr_lines": [], "rich_output": [{"files": {}, "data": {"text/plain": "V2(x=0, y=-1)"}}]}, "13": {"stdout_lines": [], "stderr_lines": [], "repl_lines": [], "expr_lines": [], "rich_output": [{"files": {}, "data": {"text/plain": "V2(x=0, y=1)"}}]}, "14": {"stdout_lines": [], "stderr_lines": [], "repl_lines": [], "expr_lines": [], "rich_output": [{"files": {}, "data": {"text/plain": "V2(x=0, y=1)"}}]}, "15": {"stdout_lines": [], "stderr_lines": [], "repl_lines": [], "expr_lines": [], "rich_output": [{"files": {}, "data": {"text/plain": "[i]"}}]}, "16": {"stdout_lines": [], "stderr_lines": [], "repl_lines": [], "expr_lines": [], "rich_output": [{"files": {}, "data": {"text/plain": "[]"}}]}, "17": {"stdout_lines": [], "stderr_lines": [], "repl_lines": [], "expr_lines": [], "rich_output": [{"files": {}, "data": {"text/plain": "[V2(x=5, y=5), V2(x=4, y=5)]"}}]}, "18": {"stdout_lines": [], "stderr_lines": [], "repl_lines": [], "expr_lines": [], "rich_output": [{"files": {}, "data": {"text/plain": "true"}}]}, "19": {"stdout_lines": [], "stderr_lines": [], "repl_lines": [], "expr_lines": [], "rich_output": [{"files": {}, "data": {"text/plain": "false"}}]}, "20": {"stdout_lines": [], "stderr_lines": [], "repl_lines": [], "expr_lines": [], "rich_output": [{"files": {}, "data": {"text/plain": "false"}}]}, "21": {"stdout_lines": [], "stderr_lines": [], "repl_lines": [], "expr_lines": [], "rich_output": [{"files": {}, "data": {"text/plain": "true"}}]}, "22": {"stdout_lines": [], "stderr_lines": [], "repl_lines": [], "expr_lines": [], "rich_output": [{"files": {}, "data": {"text/plain": "false"}}]}, "23": {"stdout_lines": [], "stderr_lines": [], "repl_lines": [], "expr_lines": [], "rich_output": [{"files": {}, "data": {"text/plain": "16"}}]}, "24": {"stdout_lines": [], "stderr_lines": [], "repl_lines": [], "expr_lines": [], "rich_output": [{"files": {}, "data": {"text/plain": "4"}}]}, "25": {"stdout_lines": [], "stderr_lines": [], "repl_lines": [], "expr_lines": [], "rich_output": [{"files": {}, "data": {"text/plain": "V2(x=1, y=1)"}}]}, "26": {"stdout_lines": [], "stderr_lines": [], "repl_lines": [], "expr_lines": [], "rich_output": [{"files": {}, "data": {"text/plain": "V2(x=1, y=2)"}}]}, "27": {"stdout_lines": [], "stderr_lines": [], "repl_lines": [], "expr_lines": [], "rich_output": [{"files": {}, "data": {"text/plain": "V2(x=1, y=2)"}}]}, "28": {"stdout_lines": [], "stderr_lines": [], "repl_lines": [], "expr_lines": [], "rich_output": [{"files": {}, "data": {"text/plain": "false"}}]}, "29": {"stdout_lines": [], "stderr_lines": [], "repl_lines": [], "expr_lines": [], "rich_output": [{"files": {}, "data": {"text/plain": "true"}}]}, "30": {"stdout_lines": [], "stderr_lines": [], "repl_lines": [], "expr_lines": [], "rich_output": [{"files": {}, "data": {"text/plain": "Snake(head=V2(x=6, y=5), tail=[V2(x=5, y=5), V2(x=4, y=5), V2(x=4, y=6)], digesting=true)"}}]}, "31": {"stdout_lines": [], "stderr_lines": [], "repl_lines": [], "expr_lines": [], "rich_output": [{"files": {}, "data": {"text/plain": "Snake(head=V2(x=1, y=0), tail=[], digesting=false)"}}]}, "32": {"stdout_lines": [], "stderr_lines": [], "repl_lines": [], "expr_lines": [], "rich_output": [{"files": {}, "data": {"text/plain": "[V2(x=6, y=5), V2(x=5, y=5), V2(x=4, y=5), V2(x=4, y=6)]"}}]}, "33": {"stdout_lines": [], "stderr_lines": [], "repl_lines": [], "expr_lines": [], "rich_output": [{"files": {}, "data": {"text/plain": "[V2(x=1, y=0)]"}}]}, "34": {"stdout_lines": [], "stderr_lines": [], "repl_lines": [], "expr_lines": [], "rich_output": [{"files": {}, "data": {"text/plain": "false"}}]}, "35": {"stdout_lines": [], "stderr_lines": [], "repl_lines": [], "expr_lines": [], "rich_output": [{"files": {}, "data": {"text/plain": "true"}}]}, "36": {"stdout_lines": [], "stderr_lines": [], "repl_lines": [], "expr_lines": [], "rich_output": [{"files": {}, "data": {"text/plain": "Snake(head=V2(x=7, y=5), tail=[V2(x=6, y=5), V2(x=5, y=5), V2(x=4, y=5)], digesting=false)"}}]}, "37": {"stdout_lines": [], "stderr_lines": [], "repl_lines": [], "expr_lines": [], "rich_output": [{"files": {}, "data": {"text/plain": "Snake(head=V2(x=4, y=6), tail=[V2(x=4, y=5)], digesting=true)"}}]}, "38": {"stdout_lines": [], "stderr_lines": [], "repl_lines": [], "expr_lines": [], "rich_output": [{"files": {}, "data": {"text/plain": "Snake(head=V2(x=7, y=5), tail=[V2(x=6, y=5), V2(x=5, y=5)], digesting=false)"}}]}, "39": {"stdout_lines": [], "stderr_lines": [], "repl_lines": [], "expr_lines": [], "rich_output": [{"files": {}, "data": {"text/plain": "Snake(head=V2(x=4, y=6), tail=[V2(x=4, y=5), V2(x=4, y=4)], digesting=true)"}}]}, "40": {"stdout_lines": [], "stderr_lines": [], "repl_lines": [], "expr_lines": [], "rich_output": [{"files": {}, "data": {"text/plain": "Snake(head=V2(x=3, y=2), tail=[], digesting=false)"}}]}, "41": {"stdout_lines": [], "stderr_lines": [], "repl_lines": [], "expr_lines": [], "rich_output": [{"files": {}, "data": {"text/plain": "Model(cols=8, rows=9, snake=Snake(head=V2(x=6, y=5), tail=[], digesting=true), direction=V2(x=1, y=0), applePosition=V2(x=3, y=2))"}}]}, "42": {"stdout_lines": [], "stderr_lines": [], "repl_lines": [], "expr_lines": [], "rich_output": [{"files": {}, "data": {"text/plain": "Model(cols=8, rows=9, snake=Snake(head=V2(x=6, y=5), tail=[V2(x=5, y=5), V2(x=5, y=4)], digesting=false), direction=V2(x=1, y=0), applePosition=V2(x=0, y=1))"}}]}, "43": {"stdout_lines": [], "stderr_lines": [], "repl_lines": [], "expr_lines": [], "rich_output": [{"files": {}, "data": {"text/plain": "true"}}]}, "44": {"stdout_lines": [], "stderr_lines": [], "repl_lines": [], "expr_lines": [], "rich_output": [{"files": {}, "data": {"text/plain": "false"}}]}, "45": {"stdout_lines": [], "stderr_lines": [], "repl_lines": [], "expr_lines": [], "rich_output": [{"files": {}, "data": {"text/plain": "false"}}]}, "46": {"stdout_lines": [], "stderr_lines": [], "repl_lines": [], "expr_lines": [], "rich_output": [{"files": {}, "data": {"text/plain": "true"}}]}, "47": {"stdout_lines": [], "stderr_lines": [], "repl_lines": [], "expr_lines": [], "rich_output": [{"files": {}, "data": {"text/plain": "false"}}]}, "48": {"stdout_lines": [], "stderr_lines": [], "repl_lines": [], "expr_lines": [], "rich_output": [{"files": {}, "data": {"text/plain": "false"}}]}, "49": {"stdout_lines": [], "stderr_lines": [], "repl_lines": [], "expr_lines": [], "rich_output": [{"files": {}, "data": {"text/plain": "true"}}]}, "50": {"stdout_lines": [], "stderr_lines": [], "repl_lines": [], "expr_lines": [], "rich_output": [{"files": {}, "data": {"text/plain": "false"}}]}, "51": {"stdout_lines": [], "stderr_lines": [], "repl_lines": [], "expr_lines": [], "rich_output": [{"files": {}, "data": {"text/plain": "won"}}]}, "52": {"stdout_lines": [], "stderr_lines": [], "repl_lines": [], "expr_lines": [], "rich_output": [{"files": {}, "data": {"text/plain": "lost"}}]}, "53": {"stdout_lines": [], "stderr_lines": [], "repl_lines": [], "expr_lines": [], "rich_output": [{"files": {}, "data": {"text/plain": "UIState(snakeHead=V2(x=6, y=5), snakeTail=[V2(x=5, y=5), V2(x=5, y=4)], applePosition=V2(x=1, y=0))"}}]}, "54": {"stdout_lines": [], "stderr_lines": [], "repl_lines": [], "expr_lines": [], "rich_output": [{"files": {}, "data": {"text/plain": "UIState(snakeHead=V2(x=6, y=5), snakeTail=[], applePosition=V2(x=2, y=3))"}}]}, "55": {"stdout_lines": [], "stderr_lines": [], "repl_lines": [], "expr_lines": [], "rich_output": [{"files": {}, "data": {"text/plain": "UIState(snakeHead=V2(x=6, y=5), snakeTail=[], applePosition=V2(x=3, y=2))"}}]}, "56": {"stdout_lines": [], "stderr_lines": [], "repl_lines": [], "expr_lines": [], "rich_output": [{"files": {}, "data": {"text/plain": "UIState(snakeHead=V2(x=6, y=5), snakeTail=[V2(x=5, y=5), V2(x=5, y=4)], applePosition=V2(x=0, y=1))"}}]}, "57": {"stdout_lines": [], "stderr_lines": [], "repl_lines": [], "expr_lines": [], "rich_output": [{"files": {}, "data": {"text/plain": "Model(cols=8, rows=9, snake=Snake(head=V2(x=7, y=5), tail=[V2(x=6, y=5)], digesting=false), direction=V2(x=1, y=0), applePosition=V2(x=3, y=2))"}}]}, "58": {"stdout_lines": [], "stderr_lines": [], "repl_lines": [], "expr_lines": [], "rich_output": [{"files": {}, "data": {"text/plain": "Model(cols=8, rows=9, snake=Snake(head=V2(x=3, y=5), tail=[V2(x=4, y=5), V2(x=5, y=5)], digesting=true), direction=V2(x=-1, y=0), applePosition=V2(x=4, y=2))"}}]}, "59": {"stdout_lines": [], "stderr_lines": [], "repl_lines": [], "expr_lines": [], "rich_output": [{"files": {}, "data": {"text/plain": "V2(x=1, y=1)"}}]}, "60": {"stdout_lines": [], "stderr_lines": [], "repl_lines": [], "expr_lines": [], "rich_output": [{"files": {}, "data": {"text/plain": "Model(cols=8, rows=9, snake=Snake(head=V2(x=6, y=5), tail=[V2(x=5, y=5)], digesting=false), direction=V2(x=0, y=-1), applePosition=V2(x=3, y=2))"}}]}, "61": {"stdout_lines": [], "stderr_lines": [], "repl_lines": [], "expr_lines": [], "rich_output": [{"files": {}, "data": {"text/plain": "Model(cols=8, rows=9, snake=Snake(head=V2(x=6, y=5), tail=[V2(x=5, y=5)], digesting=false), direction=V2(x=1, y=0), applePosition=V2(x=3, y=2))"}}]}, "62": {"stdout_lines": [], "stderr_lines": [], "repl_lines": [], "expr_lines": [], "rich_output": [{"files": {}, "data": {"text/plain": "Model(cols=20, rows=30, snake=Snake(head=V2(x=10, y=15), tail=[], digesting=false), direction=V2(x=1, y=0), applePosition=V2(x=19, y=29))"}}]}}}}}